"","pais","anio","inflacion","gdp","unemp"
"1","Aruba",2000,NA,7.62292064930222,NA
"2","Aruba",2010,2.07814071860783,-2.73345679250639,NA
"3","Aruba",2020,NA,-26.2118202145169,NA
"4","Afghanistan",2000,NA,NA,7.935
"5","Afghanistan",2010,2.17853752389419,14.3624414710737,7.753
"6","Afghanistan",2020,5.60188791482222,-2.35110067203466,11.71
"7","Angola",2000,NA,3.05462423430785,16.682
"8","Angola",2010,14.4696564932577,4.39837593810763,16.618
"9","Angola",2020,22.271539247051,-5.63821471714934,16.69
"10","Albania",2000,NA,7.46285871776054,19.023
"11","Albania",2010,3.62604695579816,2.97315442681247,14.086
"12","Albania",2020,1.62088661717011,-3.31375636888916,11.69
"13","Andorra",2000,NA,3.52836236122388,NA
"14","Andorra",2010,NA,-1.97495799965345,NA
"15","Andorra",2020,NA,-11.1839399355384,NA
"16","United Arab Emirates",2000,NA,10.852704215378,2.25
"17","United Arab Emirates",2010,0.877983288285865,1.60285004671354,2.811
"18","United Arab Emirates",2020,-2.0794031794094,-4.95705243303316,4.294
"19","Argentina",2000,NA,-0.78899893905691,15
"20","Argentina",2010,NA,10.1253981561002,7.714
"21","Argentina",2020,42.0150947376509,-9.9004848136464,11.461
"22","Armenia",2000,NA,5.90000000312092,11.095
"23","Armenia",2010,NA,2.2000000002151,19.523
"24","Armenia",2020,1.2114357783847,-7.19999999920631,18.175
"25","American Samoa",2000,NA,NA,NA
"26","American Samoa",2010,NA,0.299850074962521,NA
"27","American Samoa",2020,NA,4.41176470588236,NA
"28","Antigua and Barbuda",2000,NA,6.20355212555867,NA
"29","Antigua and Barbuda",2010,3.37002540220151,-7.84050683730972,NA
"30","Antigua and Barbuda",2020,0.625989707046714,-18.8687765208148,NA
"31","Australia",2000,4.45743514797223,3.9215029305806,6.288
"32","Australia",2010,2.91834002677376,2.21998026536549,5.214
"33","Australia",2020,0.846905537459283,-0.119590735829973,6.456
"34","Austria",2000,2.34486285357281,3.18952292988787,4.687
"35","Austria",2010,1.81353438995062,1.80898243043663,4.883
"36","Austria",2020,1.38191063351859,-6.31825509209936,5.201
"37","Azerbaijan",2000,NA,11.0999991434346,11.78
"38","Azerbaijan",2010,5.72687224669605,4.7888327097977,5.63
"39","Azerbaijan",2020,2.75980947008127,-4.19896079231232,7.24
"40","Burundi",2000,24.4320242102151,-0.856864058424151,3.129
"41","Burundi",2010,6.49326591473995,5.12415999439806,1.616
"42","Burundi",2020,7.32110643415518,0.327156892638385,1.03
"43","Belgium",2000,2.54451776190909,3.71670510672588,6.586
"44","Belgium",2010,2.18929920422458,2.71031150254662,8.293
"45","Belgium",2020,0.740791812220353,-4.7929839083518,5.545
"46","Benin",2000,NA,5.85771420543269,0.864
"47","Benin",2010,2.20783532536524,2.11406472648392,1.04
"48","Benin",2020,3.02272119663757,3.84879240030133,1.502
"49","Burkina Faso",2000,NA,1.88847388906525,2.679
"50","Burkina Faso",2010,NA,8.44628157707625,3.723
"51","Burkina Faso",2020,1.88470066518848,2.01077262406221,5.04
"52","Bangladesh",2000,NA,5.29329471892532,3.27
"53","Bangladesh",2010,NA,5.57178818533122,3.379
"54","Bangladesh",2020,5.69107474746208,3.44801755122445,5.436
"55","Bulgaria",2000,10.316262128999,4.58722551038977,16.218
"56","Bulgaria",2010,2.43899060504113,1.55535963462032,10.279
"57","Bulgaria",2020,1.67244096855763,-3.21573743445016,5.125
"58","Bahrain",2000,NA,5.30006940305884,1.083
"59","Bahrain",2010,NA,4.3342989754845,1.13
"60","Bahrain",2020,-2.31770629331375,-5.9113629524152,1.781
"61","Bahamas, The",2000,NA,4.14841930754267,7.12
"62","Bahamas, The",2010,NA,1.53866248693835,14.432
"63","Bahamas, The",2020,0.0385210980054084,-20.0895554324841,12.027
"64","Bosnia and Herzegovina",2000,NA,5.41431594987489,25.187
"65","Bosnia and Herzegovina",2010,1.99621236745887,0.865669260237084,27.312
"66","Bosnia and Herzegovina",2020,-1.05129600763489,-3.01509514759861,15.868
"67","Belarus",2000,NA,5.80000326754649,12.224
"68","Belarus",2010,7.73574804312501,7.75001706649201,6.045
"69","Belarus",2020,5.54814357456511,-0.67274295062424,4.049
"70","Belize",2000,NA,12.2404595814526,10.836
"71","Belize",2010,NA,1.11403578740261,8.416
"72","Belize",2020,0.121434644614868,-13.9029100645218,10.784
"73","Bermuda",2000,NA,9.31715641086083,NA
"74","Bermuda",2010,NA,-2.50287828947368,NA
"75","Bermuda",2020,NA,-6.82757303480177,NA
"76","Bolivia",2000,NA,2.50781080899483,2.447
"77","Bolivia",2010,2.50327605844241,4.1267225910567,2.608
"78","Bolivia",2020,0.940742153381827,-8.7378843576993,7.903
"79","Brazil",2000,7.04414105947266,4.38794944745618,10.889
"80","Brazil",2010,5.03872690108075,7.52822581815364,8.422
"81","Brazil",2020,3.21176803803373,-3.2767587964736,13.697
"82","Barbados",2000,NA,4.44718962836241,9.35
"83","Barbados",2010,NA,-2.21771085628227,10.69
"84","Barbados",2020,NA,-15.0543629495892,9.777
"85","Brunei Darussalam",2000,NA,3.47467625024112,5.459
"86","Brunei Darussalam",2010,NA,2.74136433514822,6.455
"87","Brunei Darussalam",2020,1.94031996607182,1.13357340605403,7.409
"88","Bhutan",2000,NA,3.35506838174288,1.66
"89","Bhutan",2010,NA,11.9318738376229,3.32
"90","Bhutan",2020,5.62936522632511,-10.2183974208569,5.03
"91","Botswana",2000,NA,1.98769583378552,15.88
"92","Botswana",2010,NA,10.1197233309093,17.86
"93","Botswana",2020,1.8903591682421,-8.72888241149465,21.017
"94","Central African Republic",2000,NA,-2.48943244028874,5.362
"95","Central African Republic",2010,1.49102370047805,4.63081843223307,5.291
"96","Central African Republic",2020,1.71015659523154,0.899999996857062,6.196
"97","Canada",2000,2.71943995691976,5.1385391803606,6.829
"98","Canada",2010,1.77687154092627,3.09080634469335,8.178
"99","Canada",2020,0.716999632307807,-5.03823343468899,9.657
"100","Switzerland",2000,1.5585291967901,3.95871990780931,2.658
"101","Switzerland",2010,0.688238707220029,3.24339715656356,4.808
"102","Switzerland",2020,-0.725874933313387,-2.14173712008038,4.817
"103","Channel Islands",2000,NA,NA,5.551
"104","Channel Islands",2010,NA,-3.60663231572742,7.225
"105","Channel Islands",2020,NA,-8.89677926591959,6.863
"106","Chile",2000,3.84327295706565,4.9716214882971,10.491
"107","Chile",2010,1.41071107954321,5.85165102224047,8.278
"108","Chile",2020,3.0454908480433,-6.14347479224092,10.934
"109","China",2000,0.347811226864583,8.58643201808462,3.26
"110","China",2010,3.17532475269199,10.5962719761682,4.53
"111","China",2020,2.41942189457778,2.34018843078414,5
"112","Cote d'Ivoire",2000,2.53077516737988,-0.265789462275947,4.816
"113","Cote d'Ivoire",2010,1.22645612135478,6.84804939907013,6.618
"114","Cote d'Ivoire",2020,2.42500656821817,0.699728593494228,2.584
"115","Cameroon",2000,NA,3.83241779430614,7.536
"116","Cameroon",2010,NA,2.89902472122014,4.11
"117","Cameroon",2020,2.43760882182241,0.259932915907115,3.87
"118","Congo, Dem. Rep.",2000,NA,-6.91092731652101,3.234
"119","Congo, Dem. Rep.",2010,NA,7.10797657581392,4.096
"120","Congo, Dem. Rep.",2020,NA,1.73542276681493,5.345
"121","Congo, Rep.",2000,NA,7.5759803952642,19.87
"122","Congo, Rep.",2010,0.391525011227614,9.93126543095578,19.345
"123","Congo, Rep.",2020,1.79537147083111,-6.26777227963225,22.198
"124","Colombia",2000,9.22534818585364,2.92486148176778,20.52
"125","Colombia",2010,2.27200227892011,4.49465897070922,11.153
"126","Colombia",2020,2.5266350008471,-7.18591413760859,15.983
"127","Comoros",2000,NA,10.847878616072,4.398
"128","Comoros",2010,NA,4.80105816823387,4.248
"129","Comoros",2020,NA,4.00531793513311,4.471
"130","Cabo Verde",2000,NA,14.2848688450919,13.088
"131","Cabo Verde",2010,2.07866470906424,1.83641914989978,10.67
"132","Cabo Verde",2020,0.605795808395438,-20.8052758990735,14.69
"133","Costa Rica",2000,10.9615496593622,3.86871808953644,5.08
"134","Costa Rica",2010,5.66275708420022,5.36034352634111,7.171
"135","Costa Rica",2020,0.724911478131341,-4.27335432161462,16.432
"136","Cuba",2000,NA,5.9147601740486,5.45
"137","Cuba",2010,NA,2.39035229650723,2.5
"138","Cuba",2020,NA,-10.9490846048862,2.24
"139","Curacao",2000,NA,NA,NA
"140","Curacao",2010,2.77944261312558,0.0823066088131412,NA
"141","Curacao",2020,NA,-18.4384703505394,NA
"142","Cayman Islands",2000,NA,NA,NA
"143","Cayman Islands",2010,0.276140861750094,-2.71563526217577,NA
"144","Cayman Islands",2020,NA,-4.95480640759244,NA
"145","Cyprus",2000,NA,5.96530445494226,4.766
"146","Cyprus",2010,2.43004084102254,2.28267100119788,6.359
"147","Cyprus",2020,-0.638422797978945,-3.22063018637567,7.755
"148","Czechia",2000,3.77538829151735,4.010669619984,8.764
"149","Czechia",2010,1.47272727272724,2.71466509907701,7.281
"150","Czechia",2020,3.16129528497808,-5.30487955463876,2.55
"151","Germany",2000,1.4402683871974,2.87724595591061,7.917
"152","Germany",2010,1.1038103778926,4.14676755040489,7.043
"153","Germany",2020,0.144877925813963,-4.09513751682526,3.881
"154","Djibouti",2000,NA,NA,26.664
"155","Djibouti",2010,NA,NA,26.371
"156","Djibouti",2020,1.77740783806177,1.2021151728969,27.713
"157","Dominica",2000,NA,2.34021932069383,NA
"158","Dominica",2010,2.99936630549003,-0.105610857694984,NA
"159","Dominica",2020,1.22026442242472,-15.7064024545862,NA
"160","Denmark",2000,2.90328203236453,3.72400899471576,4.476
"161","Denmark",2010,2.31092436974793,1.58289703108802,7.746
"162","Denmark",2020,0.420711974110097,-1.78010601831291,5.637
"163","Dominican Republic",2000,7.72413566181617,4.65172550299128,6.432
"164","Dominican Republic",2010,6.32993220146146,8.40114541209596,5.212
"165","Dominican Republic",2020,3.78103179915515,-7.92905234231061,6.126
"166","Algeria",2000,NA,3.80000000158476,29.77
"167","Algeria",2010,3.91106195534029,4.80000000093564,9.96
"168","Algeria",2020,2.41513094083414,-4.99999999908597,14.057
"169","Early-demographic dividend",2000,NA,4.37112541771808,7.11472249654015
"170","Early-demographic dividend",2010,4.33298207227273,6.50362877942017,6.72549254045243
"171","Early-demographic dividend",2020,2.96354992076063,-4.2153043663299,7.41080978209992
"172","Ecuador",2000,96.0963756926097,1.09180164720277,4.8
"173","Ecuador",2010,3.55437734567847,4.02913787986621,4.088
"174","Ecuador",2020,-0.338872392562181,-9.24509619165865,6.127
"175","Egypt, Arab Rep.",2000,NA,6.37000382991766,8.98
"176","Egypt, Arab Rep.",2010,NA,5.1472348575531,8.757
"177","Egypt, Arab Rep.",2020,5.04493288977539,3.55016483786838,7.974
"178","Eritrea",2000,NA,-3.14198590251638,5.608
"179","Eritrea",2010,NA,2.19419034888082,5.675
"180","Eritrea",2020,NA,NA,6.088
"181","Spain",2000,3.43351563418767,5.20064125553942,13.785
"182","Spain",2010,1.79986457728772,0.0941223116369514,19.86
"183","Spain",2020,-0.322753017299685,-10.9400706350371,15.532
"184","Estonia",2000,4.01848952508763,10.0876385800462,13.36
"185","Estonia",2010,2.97204512015694,2.4497502063999,16.707
"186","Estonia",2020,-0.444531097679813,-2.88380751483778,6.956
"187","Ethiopia",2000,NA,6.07321747957951,3.5
"188","Ethiopia",2010,8.14926402965083,12.5505383459307,2.3
"189","Ethiopia",2020,20.3563468559061,6.05953089054807,3.994
"190","Finland",2000,3.04210080667795,5.75373770498848,11.134
"191","Finland",2010,1.18413523154647,3.1682879121621,8.394
"192","Finland",2020,0.290554555653304,-2.49103605535707,7.759
"193","Fiji",2000,NA,-1.69999841605511,4.7
"194","Fiji",2010,3.68901229670766,2.95467242212241,4.343
"195","Fiji",2020,-2.59524325887374,-17.0386673704039,4.649
"196","France",2000,1.67595988720928,4.14099996402915,10.218
"197","France",2010,1.53112270420927,2.00032476039051,9.279
"198","France",2020,0.476498852725014,-7.44064589948231,8.009
"199","Faroe Islands",2000,NA,NA,NA
"200","Faroe Islands",2010,NA,-0.379817991218616,NA
"201","Faroe Islands",2020,NA,-1.63732118017028,NA
"202","Micronesia, Fed. Sts.",2000,2.15851810619413,4.83390378617111,NA
"203","Micronesia, Fed. Sts.",2010,3.31370963136216,2.25938995585932,NA
"204","Micronesia, Fed. Sts.",2020,0.554594630853189,-1.67295417145529,NA
"205","Gabon",2000,NA,-1.88296639760897,17.789
"206","Gabon",2010,NA,7.08988731455126,20.39
"207","Gabon",2020,1.35276110675338,-1.8377610635094,21.27
"208","United Kingdom",2000,1.18295624210409,4.34163419265596,5.558
"209","United Kingdom",2010,2.49265472467066,2.23331508815346,7.924
"210","United Kingdom",2020,0.989486703772449,-10.296918859171,4.472
"211","Georgia",2000,NA,1.84038117927339,10.82
"212","Georgia",2010,7.11017897486099,6.24640865303363,20.203
"213","Georgia",2020,5.2024648897534,-6.2904717853839,11.73
"214","Ghana",2000,40.240933123914,3.70000008164408,10.456
"215","Ghana",2010,10.7333898354915,7.89971194051621,5.384
"216","Ghana",2020,9.88728956269943,0.513941670628171,3.313
"217","Gibraltar",2000,NA,NA,NA
"218","Gibraltar",2010,NA,NA,NA
"219","Gibraltar",2020,NA,NA,NA
"220","Guinea",2000,NA,2.50306056299607,4.599
"221","Guinea",2010,15.0502688559001,4.81336016967553,5.097
"222","Guinea",2020,10.6016203387167,4.70459096113575,6.018
"223","Gambia, The",2000,NA,5.50000021632955,9.787
"224","Gambia, The",2010,5.04968075857403,5.90833580968288,9.723
"225","Gambia, The",2020,5.93127636562442,0.591487287873974,5.892
"226","Guinea-Bissau",2000,NA,1.10027815777423,3.557
"227","Guinea-Bissau",2010,NA,5.60536311358261,3.137
"228","Guinea-Bissau",2020,1.14000939393216,2.12811490126288,2.89
"229","Equatorial Guinea",2000,NA,18.2137799569674,7.955
"230","Equatorial Guinea",2010,NA,-8.92417588851806,8.07
"231","Equatorial Guinea",2020,4.76669523944226,-4.79108083383294,8.781
"232","Greece",2000,3.1511816249383,4.13782699405849,11.345
"233","Greece",2010,4.71298907760393,-5.6937412158003,12.719
"234","Greece",2020,-1.24798355581408,-9.19623149726978,15.899
"235","Grenada",2000,NA,4.88795213650562,NA
"236","Grenada",2010,3.43650905943351,-0.511146187173722,NA
"237","Grenada",2020,-0.740732597045526,-13.7566222572107,NA
"238","Greenland",2000,NA,7.10159688181619,NA
"239","Greenland",2010,NA,1.73582505889665,NA
"240","Greenland",2020,NA,0.250789762104304,NA
"241","Guatemala",2000,NA,3.6088687174876,2.606
"242","Guatemala",2010,3.85950909833162,2.88417542800377,3.497
"243","Guatemala",2020,3.21444062197349,-1.78555194467604,2.955
"244","Guam",2000,NA,NA,15.32
"245","Guam",2010,NA,2.26325193567601,8.2
"246","Guam",2020,NA,-10.5188595714539,6.248
"247","Guyana",2000,NA,-1.36380390261873,11.93
"248","Guyana",2010,3.73337757704245,4.13844160137342,11.636
"249","Guyana",2020,0.993337022838761,43.479651716849,15.334
"250","Hong Kong SAR, China",2000,NA,7.66340826591482,4.92
"251","Hong Kong SAR, China",2010,2.29289088604676,6.76766581747881,4.329
"252","Hong Kong SAR, China",2020,0.25096202108081,-6.54478320166854,5.808
"253","Honduras",2000,NA,7.29128815869618,3.881
"254","Honduras",2010,4.69889064976226,3.73114034433009,4.119
"255","Honduras",2020,3.46841177951179,-8.96508223267296,10.982
"256","Croatia",2000,NA,2.94525299539681,16.064
"257","Croatia",2010,1.03055505333574,-1.33408152400571,11.62
"258","Croatia",2020,0.154811374562112,-8.31164257884687,7.507
"259","Haiti",2000,9.33322197565601,0.870059259424892,8.454
"260","Haiti",2010,4.82734190074673,-5.65151153448299,15.252
"261","Haiti",2020,22.7963113642528,-3.30550546965893,15.546
"262","Hungary",2000,9.80361016908124,4.40937501806403,6.563
"263","Hungary",2010,4.85555795691956,1.06795068152046,11.172
"264","Hungary",2020,3.3267438576673,-4.33872540024058,4.25
"265","Indonesia",2000,3.68862037056682,4.9200677470169,6.077
"266","Indonesia",2010,5.13420639015885,6.22385418062366,5.614
"267","Indonesia",2020,1.91983527270797,-2.06551182934165,4.255
"268","Isle of Man",2000,NA,5.30000152552805,NA
"269","Isle of Man",2010,NA,3.39999842395957,NA
"270","Isle of Man",2020,NA,-8.83681697473475,NA
"271","India",2000,4.00943591045191,3.84099115659129,7.624
"272","India",2010,11.9893899204244,8.49758470221235,7.652
"273","India",2020,6.62343677628536,-5.77772470686801,7.859
"274","Ireland",2000,5.57763269940386,9.40352464290197,4.318
"275","Ireland",2010,-0.918388645376769,1.68297227062031,14.534
"276","Ireland",2020,-0.326183651280059,7.1578988000836,5.623
"277","Iran, Islamic Rep.",2000,NA,5.84552747587396,11.696
"278","Iran, Islamic Rep.",2010,10.0893629287979,5.79793829590261,13.679
"279","Iran, Islamic Rep.",2020,30.5941390387295,3.33028845926594,9.687
"280","Iraq",2000,NA,16.7961344440251,8.058
"281","Iraq",2010,NA,6.40256484471193,8.267
"282","Iraq",2020,0.574162679425837,-12.0367930931152,15.778
"283","Iceland",2000,5.13647123245151,4.98504276049793,1.936
"284","Iceland",2010,5.39673113167477,-2.83277492276433,7.564
"285","Iceland",2020,2.8479240151866,-6.94045306829003,5.478
"286","Israel",2000,1.0326364099949,8.58208942390802,11.102
"287","Israel",2010,2.70270270270273,5.53434033902194,8.48
"288","Israel",2020,-0.575254620897805,-2.02161548237589,4.169
"289","Italy",2000,2.53768532095001,3.88209885062652,10.834
"290","Italy",2010,1.52551602118248,1.52910573247101,8.363
"291","Italy",2020,-0.137707573916501,-8.86822122185345,9.164
"292","Jamaica",2000,NA,0.87870354796236,6.762
"293","Jamaica",2010,12.6105519975603,-1.45714720947502,7.63
"294","Jamaica",2020,5.2267777929352,-9.92032245054413,6.501
"295","Jordan",2000,NA,4.24571192079179,13.7
"296","Jordan",2010,4.84551875852119,2.31483422063046,12.5
"297","Jordan",2020,0.333294350628422,-1.10275188309046,19.213
"298","Japan",2000,-0.67657868359508,2.76464755136783,4.748
"299","Japan",2010,-0.728243207517766,4.09791791943181,5.102
"300","Japan",2020,-0.024995834027682,-4.16876457146743,2.809
"301","Kazakhstan",2000,13.1808905865731,9.80000000214156,12.75
"302","Kazakhstan",2010,7.40046356341392,7.30000000329814,5.77
"303","Kazakhstan",2020,6.71815454861464,-2.49999999628,4.89
"304","Kenya",2000,NA,0.599695390807426,2.889
"305","Kenya",2010,NA,8.05847360290906,2.796
"306","Kenya",2020,5.40516207933395,-0.272766327438816,5.619
"307","Kyrgyz Republic",2000,NA,5.44333663288322,1.858
"308","Kyrgyz Republic",2010,7.96772225579685,-0.471566596791618,2.887
"309","Kyrgyz Republic",2020,6.32542296338081,-7.14897757727955,4.63
"310","Cambodia",2000,NA,9.99358032292079,0.744
"311","Cambodia",2010,3.99639528107219,5.07691843229247,0.771
"312","Cambodia",2020,2.94029514263971,-3.55572193406549,0.172
"313","Kiribati",2000,NA,6.74266531257052,NA
"314","Kiribati",2010,-3.89955040651653,1.2259519892488,NA
"315","Kiribati",2020,2.55324554414634,-1.46806718078108,NA
"316","St. Kitts and Nevis",2000,NA,10.042808415173,NA
"317","St. Kitts and Nevis",2010,0.850878649795842,-0.0541942065330545,NA
"318","St. Kitts and Nevis",2020,-1.16724501769354,-15.3018891740649,NA
"319","Korea, Rep.",2000,2.25916580080157,9.06083332508534,4.063
"320","Korea, Rep.",2010,2.93928652655687,6.80482491783671,3.324
"321","Korea, Rep.",2020,0.537288023411766,-0.709415359397681,3.931
"322","Kuwait",2000,NA,4.69458187079211,0.8
"323","Kuwait",2010,NA,-2.37054804702014,1.82
"324","Kuwait",2020,2.10172954827401,-4.81778982257279,3.557
"325","Lao PDR",2000,NA,5.79878232861959,2.046
"326","Lao PDR",2010,5.98254521550086,8.52690551739717,0.708
"327","Lao PDR",2020,5.10407262959923,0.503031829018681,2.361
"328","Lebanon",2000,NA,1.34187161970405,8.603
"329","Lebanon",2010,3.98347941855834,7.97513555844932,6.775
"330","Lebanon",2020,84.864333047204,-21.3998996914321,13.284
"331","Liberia",2000,NA,28.6159342546183,2.231
"332","Liberia",2010,7.28992796890218,6.09982524004147,2.266
"333","Liberia",2020,16.9557241496254,-2.98249127649473,4.109
"334","Libya",2000,NA,3.6792704082,19.201
"335","Libya",2010,NA,5.0272476723775,19.276
"336","Libya",2020,1.44703656998739,-29.4552967282824,19.613
"337","St. Lucia",2000,NA,0.0487485535201131,16.49
"338","St. Lucia",2010,3.25034409180129,0.330018546071486,17.12
"339","St. Lucia",2020,-1.75580833517593,-24.3614732129122,25.224
"340","Liechtenstein",2000,NA,3.22019308239609,NA
"341","Liechtenstein",2010,NA,NA,NA
"342","Liechtenstein",2020,NA,NA,NA
"343","Sri Lanka",2000,NA,6.00003315828934,7.74
"344","Sri Lanka",2010,NA,8.01596737040464,4.784
"345","Sri Lanka",2020,6.15394508391736,-4.62451503749502,5.364
"346","Lesotho",2000,NA,3.87554677576694,16.227
"347","Lesotho",2010,-2.40524254598709,5.26967078056286,16.113
"348","Lesotho",2020,4.97809676252311,-8.15595879914267,18.399
"349","Late-demographic dividend",2000,NA,7.03192177547119,5.28526433408884
"350","Late-demographic dividend",2010,3.48251329590442,8.03315940691593,5.23950660656473
"351","Late-demographic dividend",2020,1.93694126694221,0.303693779788787,5.91884442746147
"352","Lithuania",2000,0.981615478857585,3.41862206571636,15.931
"353","Lithuania",2010,1.31921362055464,0.427199566550769,17.814
"354","Lithuania",2020,1.19989444983568,0.0428158336981426,8.487
"355","Luxembourg",2000,3.15076707022592,6.93812976136098,2.345
"356","Luxembourg",2010,2.2736791162154,3.76041454320028,4.423
"357","Luxembourg",2020,0.819957302127018,-0.510051634039826,6.766
"358","Latvia",2000,2.65425477796047,5.84102642353959,14.211
"359","Latvia",2010,-1.08463595015159,-3.66125859554762,19.482
"360","Latvia",2020,0.219064904842114,-3.46922750780554,8.098
"361","Macao SAR, China",2000,-1.60971883961895,5.74659100533582,6.874
"362","Macao SAR, China",2010,2.80947242060845,25.1227881779164,2.84
"363","Macao SAR, China",2020,0.811410511491636,-54.3361062745857,2.566
"364","St. Martin (French part)",2000,NA,NA,NA
"365","St. Martin (French part)",2010,NA,NA,NA
"366","St. Martin (French part)",2020,NA,-12.500002246731,NA
"367","Morocco",2000,NA,2.58218091499747,13.58
"368","Morocco",2010,0.993557401226421,3.49955709403216,9.09
"369","Morocco",2020,0.705968661338224,-7.17820744246774,11.223
"370","Monaco",2000,NA,3.91022992758094,NA
"371","Monaco",2010,NA,2.06521962654098,NA
"372","Monaco",2020,NA,-13.2391048292108,NA
"373","Moldova",2000,31.2993015817785,2.10771608200733,8.539
"374","Moldova",2010,7.48385086350857,7.10000010705836,2.937
"375","Moldova",2020,3.76597122245358,-8.27597831976949,1.186
"376","Madagascar",2000,NA,4.45685893956946,5.8
"377","Madagascar",2010,9.24732173644116,0.619239744622121,4.28
"378","Madagascar",2020,4.20179312190558,-7.13767162064489,3.284
"379","Maldives",2000,-1.17475681175945,3.84581023205111,1.97
"380","Maldives",2010,6.14988536750175,6.78546790940871,10.881
"381","Maldives",2020,-1.36977425569811,-32.9088287284425,5.434
"382","Middle East, North Africa, Afghanistan & Pakistan",2000,NA,6.36845540673832,8.42365049272417
"383","Middle East, North Africa, Afghanistan & Pakistan",2010,3.54406845599084,4.80731428595524,6.85497900968114
"384","Middle East, North Africa, Afghanistan & Pakistan",2020,1.44703656998739,-3.30783118370476,9.21442251170227
"385","Mexico",2000,9.49156149435403,5.02928399378261,2.646
"386","Mexico",2010,4.15672722680173,4.97133457799899,5.303
"387","Mexico",2020,3.39683415570006,-8.35403456576364,4.44
"388","Marshall Islands",2000,NA,2.45443006851272,NA
"389","Marshall Islands",2010,NA,5.53918680023571,NA
"390","Marshall Islands",2020,NA,-2.77288732394366,NA
"391","North Macedonia",2000,NA,4.54913578288874,32.2
"392","North Macedonia",2010,1.50997522027621,3.35875085773812,33.135
"393","North Macedonia",2020,1.20007348888486,-4.68845000956652,16.575
"394","Mali",2000,NA,-0.0608349718130512,1.414
"395","Mali",2010,NA,6.92172188561173,1.405
"396","Mali",2020,0.438088940320735,-1.16907500952713,3.528
"397","Malta",2000,NA,19.6812692571544,6.324
"398","Malta",2010,1.51563513618533,6.1973451691119,6.847
"399","Malta",2020,0.638544956776647,-3.35834253154739,4.347
"400","Myanmar",2000,NA,13.7459305561226,0.717
"401","Myanmar",2010,NA,9.6344394520444,0.727
"402","Myanmar",2020,NA,-9.04834717984643,1.476
"403","Middle East, North Africa, Afghanistan & Pakistan (excluding high income)",2000,NA,5.7492054109486,8.72688772666045
"404","Middle East, North Africa, Afghanistan & Pakistan (excluding high income)",2010,3.91106195534029,4.83040654490945,7.12093020637766
"405","Middle East, North Africa, Afghanistan & Pakistan (excluding high income)",2020,2.41513094083414,-2.86087724971401,9.84929376390015
"406","Montenegro",2000,NA,3.10000005928039,30.609
"407","Montenegro",2010,NA,2.73433108233829,19.649
"408","Montenegro",2020,-0.255655699848511,-15.3068937570407,17.878
"409","Mongolia",2000,NA,1.14606213709108,5.993
"410","Mongolia",2010,10.0462065881651,6.3651616786311,6.549
"411","Mongolia",2020,3.7237230614026,-4.55775197583431,6.594
"412","Northern Mariana Islands",2000,NA,NA,NA
"413","Northern Mariana Islands",2010,NA,1.3959390862944,NA
"414","Northern Mariana Islands",2020,NA,-29.0598290598291,NA
"415","Mozambique",2000,NA,0.766234955773442,2.833
"416","Mozambique",2010,12.4255421735156,6.67972935662864,3.261
"417","Mozambique",2020,3.48393567493207,-1.21952250011192,3.921
"418","Mauritania",2000,NA,-3.91802585208993,10.033
"419","Mauritania",2010,NA,2.62022948104543,10.075
"420","Mauritania",2020,2.38569488456317,-0.360657384151068,11.054
"421","Mauritius",2000,NA,8.20279174865273,9.138
"422","Mauritius",2010,2.93236301369857,4.37720322344293,7.654
"423","Mauritius",2020,2.58080077182826,-14.5465381490166,8.626
"424","Malawi",2000,NA,1.57607762616895,5.048
"425","Malawi",2010,NA,6.87406585416142,4.798
"426","Malawi",2020,8.62551469650552,0.793596429787286,5.728
"427","Malaysia",2000,NA,8.85886816969386,3
"428","Malaysia",2010,1.62285235577035,7.42484738326097,3.39
"429","Malaysia",2020,-1.13870215393055,-5.45684658426701,4.54
"430","Namibia",2000,NA,3.49218336365178,20.3
"431","Namibia",2010,4.87491987643953,6.03924947955858,22.12
"432","Namibia",2020,2.20938236933471,-8.10140201443319,21.004
"433","New Caledonia",2000,NA,2.10010882688805,17.984
"434","New Caledonia",2010,NA,NA,13.95
"435","New Caledonia",2020,NA,-2.40000000064407,13.558
"436","Niger",2000,NA,-1.20847774100575,1.431
"437","Niger",2010,NA,8.57816674262253,0.722
"438","Niger",2020,2.89819376026277,3.55064109436891,0.594
"439","Nigeria",2000,NA,5.01593475931159,3.963
"440","Nigeria",2010,13.7400521363694,8.00565591628646,3.746
"441","Nigeria",2020,13.2460234276598,-1.79425308274458,5.742
"442","Nicaragua",2000,NA,4.10159025073438,7.162
"443","Nicaragua",2010,5.45513425887423,4.41009911716546,7.83
"444","Nicaragua",2020,3.68181341625574,-2.23654176262323,6.201
"445","Netherlands",2000,2.36052233801948,4.2197537762102,2.725
"446","Netherlands",2010,1.27530569556683,1.31932032302214,4.991
"447","Netherlands",2020,1.27246037789166,-3.86795333823223,3.82
"448","Norway",2000,3.08550609131276,3.31894570142394,3.458
"449","Norway",2010,2.41890639481001,0.787051861494078,3.527
"450","Norway",2020,1.28658490707998,-1.27817177234034,4.424
"451","Nepal",2000,2.47882020709132,6.19999998192236,10.551
"452","Nepal",2010,9.32650410745394,4.81641464694573,10.554
"453","Nepal",2020,5.05236655289212,-2.3696206292072,12.975
"454","Nauru",2000,NA,-6.85619346501758,NA
"455","Nauru",2010,NA,-0.159976911238559,NA
"456","Nauru",2020,NA,1.98181949377276,NA
"457","New Zealand",2000,2.6152344624632,2.87005108790095,6.13
"458","New Zealand",2010,2.30202385958574,1.45863634911349,6.557
"459","New Zealand",2020,1.71456170007245,-0.307246896026541,4.595
"460","Oman",2000,NA,6.19241063695442,4.331
"461","Oman",2010,3.25657959078626,2.47199856582773,3.935
"462","Oman",2020,-0.406402919465837,-3.37972052697999,2.94
"463","Pakistan",2000,NA,4.2600880111325,0.634
"464","Pakistan",2010,12.9388705634889,1.50171752152883,0.653
"465","Pakistan",2020,9.73999313898157,-1.27408744338709,6.127
"466","Panama",2000,NA,4.20900547865375,6.264
"467","Panama",2010,3.49128872618804,6.07339353106087,5.845
"468","Panama",2020,-1.55027540803762,-17.8212299695008,14.663
"469","Peru",2000,NA,2.69437139806912,4.958
"470","Peru",2010,NA,8.33245910749577,3.6
"471","Peru",2020,2.00241205759293,-10.9333065010382,7.179
"472","Philippines",2000,NA,4.38250500083399,3.767
"473","Philippines",2010,NA,7.33449996034538,3.605
"474","Philippines",2020,2.39316239316239,-9.51829474045297,2.522
"475","Palau",2000,NA,-2.60390246523619,NA
"476","Palau",2010,1.44219017355169,-0.895895860102129,NA
"477","Palau",2020,0.218181818181818,-5.99943392532354,NA
"478","Papua New Guinea",2000,NA,-2.49484199260023,2.92
"479","Papua New Guinea",2010,NA,10.1284540720232,2.002
"480","Papua New Guinea",2020,4.87167398565552,-3.16743204434815,2.883
"481","Poland",2000,9.90017538843064,4.65633252988236,14.928
"482","Poland",2010,2.58069370250543,3.16892748258036,9.578
"483","Poland",2020,3.37446972618589,-2.03556882399977,3.155
"484","Puerto Rico (US)",2000,NA,3.27196451910478,10.08
"485","Puerto Rico (US)",2010,NA,-0.413254119172365,16.1
"486","Puerto Rico (US)",2020,NA,-4.1808743093346,8.89
"487","Korea, Dem. People's Rep.",2000,NA,NA,3.05
"488","Korea, Dem. People's Rep.",2010,NA,NA,2.81
"489","Korea, Dem. People's Rep.",2020,NA,NA,2.948
"490","Portugal",2000,2.85303039287157,3.81617712035907,3.806
"491","Portugal",2010,1.40257289895369,1.73762452780146,10.771
"492","Portugal",2020,-0.0124383299575331,-8.20463201239903,6.801
"493","Paraguay",2000,NA,-2.31414056819045,7.61
"494","Paraguay",2010,4.65116279069767,11.0952312685521,4.569
"495","Paraguay",2020,1.76751592356698,-0.819785390971916,7.548
"496","West Bank and Gaza",2000,2.79819892435758,-8.5555726838292,10.625
"497","West Bank and Gaza",2010,3.74915727597099,5.77736205629419,21.416
"498","West Bank and Gaza",2020,-0.73533200109217,-11.3184661065134,25.895
"499","French Polynesia",2000,NA,3.24541101308193,11.579
"500","French Polynesia",2010,NA,-2.4660641898174,12.145
"501","French Polynesia",2020,NA,-7.05094422106298,12.951
"502","Qatar",2000,NA,8.02812545191884,0.87
"503","Qatar",2010,NA,19.5923315337859,0.45
"504","Qatar",2020,-2.54031503004764,-3.5576039896784,0.14
"505","Romania",2000,NA,2.46121646882141,6.969
"506","Romania",2010,6.09141668601892,-3.90581157302972,6.959
"507","Romania",2020,2.63107311184746,-3.67438440910189,5.035
"508","Russian Federation",2000,20.7987606558704,10.0000668136515,10.581
"509","Russian Federation",2010,6.84939230255025,4.49999999920672,7.407
"510","Russian Federation",2020,3.38165937237896,-2.65365450102773,5.62
"511","Rwanda",2000,NA,8.37089593548548,11.731
"512","Rwanda",2010,-0.246128693436924,7.33465645006753,11.673
"513","Rwanda",2020,9.85039902274208,-3.37368746369782,11.829
"514","Saudi Arabia",2000,-1.12500055218228,4.71813422138024,4.57
"515","Saudi Arabia",2010,5.33941623014107,5.0395150823517,5.55
"516","Saudi Arabia",2020,3.4454670643357,-3.80476473038999,7.66
"517","Sudan",2000,7.12125897172302,6.34586743997545,15.608
"518","Sudan",2010,12.9776663898014,3.85824195230107,15.161
"519","Sudan",2020,163.257782355457,-3.62980082410752,11.958
"520","Senegal",2000,NA,3.88721095816793,2.668
"521","Senegal",2010,1.22868119673345,3.39088925336209,2.803
"522","Senegal",2020,2.5431468568166,1.3420737726679,3.437
"523","Singapore",2000,NA,9.03831632555163,3.7
"524","Singapore",2010,2.82884527612958,14.5197497108994,4.12
"525","Singapore",2020,-0.172111865925357,-3.81470885510713,4.1
"526","Solomon Islands",2000,NA,-14.2769995911798,2.45
"527","Solomon Islands",2010,NA,9.70838816928725,1.617
"528","Solomon Islands",2020,2.96354992076063,-3.3811475409836,0.864
"529","Sierra Leone",2000,NA,6.65272983472759,4.08
"530","Sierra Leone",2010,7.18566275668162,6.35566595800495,4.413
"531","Sierra Leone",2020,13.4468711101052,-1.2533490322766,3.508
"532","El Salvador",2000,NA,1.12790697674419,6.96
"533","El Salvador",2010,1.17933576873673,2.15419536693635,4.893
"534","El Salvador",2020,-0.37159021232411,-7.893101359867,5.008
"535","San Marino",2000,NA,2.17937971500419,NA
"536","San Marino",2010,NA,-5.47368421052632,NA
"537","San Marino",2020,-0.133368898372899,-6.64791081780602,NA
"538","Somalia, Fed. Rep.",2000,NA,7.11031431136975,18.98
"539","Somalia, Fed. Rep.",2010,NA,6.69435192556303,19.031
"540","Somalia, Fed. Rep.",2020,NA,-2.75248103928239,19.413
"541","Serbia",2000,NA,6.05509225799881,12.6
"542","Serbia",2010,6.14255360247247,1.61097266144839,19.204
"543","Serbia",2020,1.57553290083412,-0.950023991851594,9.011
"544","South Sudan",2000,NA,NA,12.325
"545","South Sudan",2010,1.16962180301109,5.49341639529945,12.503
"546","South Sudan",2020,29.6758435538571,NA,14.319
"547","Sao Tome and Principe",2000,NA,0.448368261692949,14.4
"548","Sao Tome and Principe",2010,NA,1.44845522890635,14.626
"549","Sao Tome and Principe",2020,9.81932791540148,2.62485949543812,9.686
"550","Suriname",2000,NA,2.09999886750489,12.983
"551","Suriname",2010,6.94108221639996,5.16882515225814,7.15
"552","Suriname",2020,34.889784309078,-15.9751917148622,8.76
"553","Slovak Republic",2000,12.0357805974299,0.78922447792516,18.546
"554","Slovak Republic",2010,0.957018132975151,6.79058159142423,14.387
"555","Slovak Republic",2020,1.93694126694221,-2.58551241733207,6.719
"556","Slovenia",2000,8.91174418658768,3.49791942086068,6.92
"557","Slovenia",2010,1.80117022137135,1.11213719306735,7.236
"558","Slovenia",2020,-0.0548568157606016,-4.08500094942896,4.971
"559","Sweden",2000,0.899143734041626,4.63111600378974,5.466
"560","Sweden",2010,1.15798802715628,5.75073583944071,8.61
"561","Sweden",2020,0.497367318853587,-2.0053375219518,8.291
"562","Eswatini",2000,NA,1.76017364057921,24.502
"563","Eswatini",2010,4.50923691774372,3.79375507745696,26.736
"564","Eswatini",2020,NA,-2.86288213677992,32.944
"565","Sint Maarten (Dutch part)",2000,NA,NA,NA
"566","Sint Maarten (Dutch part)",2010,NA,3.19999269219366,NA
"567","Sint Maarten (Dutch part)",2020,NA,-13.3167887221567,NA
"568","Seychelles",2000,NA,4.25319834931828,NA
"569","Seychelles",2010,-2.40463875108223,4.50513204312067,NA
"570","Seychelles",2020,1.20266463987124,-11.7398608281732,NA
"571","Syrian Arab Republic",2000,NA,0.675642589410501,9.587
"572","Syrian Arab Republic",2010,NA,5.19190584075331,8.61
"573","Syrian Arab Republic",2020,NA,-0.697154504235129,15.191
"574","Turks and Caicos Islands",2000,NA,NA,NA
"575","Turks and Caicos Islands",2010,NA,0.984924853810682,NA
"576","Turks and Caicos Islands",2020,NA,-33.8170973434652,NA
"577","Chad",2000,NA,-0.879681025444938,0.79
"578","Chad",2010,NA,13.7943889290963,0.878
"579","Chad",2020,4.46414437232861,-0.408894363255357,1.707
"580","Togo",2000,1.86260595463068,-0.783479610048047,4.174
"581","Togo",2010,1.44594517430866,5.85435269410561,2.383
"582","Togo",2020,1.69928463299407,1.99215501870344,2.225
"583","Thailand",2000,NA,4.45524704335014,2.389
"584","Thailand",2010,NA,7.51339053261624,0.622
"585","Thailand",2020,-0.845937147357064,-6.05003846851622,1.099
"586","Tajikistan",2000,NA,8.32432449473859,4.15
"587","Tajikistan",2010,6.44531440780655,6.49999908585235,11.542
"588","Tajikistan",2020,NA,4.40000111553493,12.321
"589","Turkmenistan",2000,NA,5.46906413252854,11.666
"590","Turkmenistan",2010,NA,9.19999998805483,4
"591","Turkmenistan",2020,NA,5.900000048526,4.501
"592","Latin America & the Caribbean (IDA & IBRD countries)",2000,NA,3.5932608027781,9.54724386782
"593","Latin America & the Caribbean (IDA & IBRD countries)",2010,3.79644333768704,6.67954571118715,7.2528256939654
"594","Latin America & the Caribbean (IDA & IBRD countries)",2020,1.76751592356698,-6.52902364043537,10.3522494542699
"595","Timor-Leste",2000,NA,58.0780959334582,3.477
"596","Timor-Leste",2010,NA,9.33151176629212,3.301
"597","Timor-Leste",2020,0.495499215459576,31.961918565387,2.782
"598","Middle East, North Africa, Afghanistan & Pakistan (IDA & IBRD)",2000,NA,5.86039396077813,8.71795660306332
"599","Middle East, North Africa, Afghanistan & Pakistan (IDA & IBRD)",2010,3.94727068694931,4.8240477975926,7.04902894071952
"600","Middle East, North Africa, Afghanistan & Pakistan (IDA & IBRD)",2020,3.73003191530477,-2.79396103092033,9.75371979626131
"601","Tonga",2000,NA,3.75409745006452,4.12
"602","Tonga",2010,3.53491239189834,0.824396914081831,1.513
"603","Tonga",2020,-0.349737696727462,1.78339589901164,2.699
"604","Trinidad and Tobago",2000,NA,6.90135959072803,12.1
"605","Trinidad and Tobago",2010,10.5492003179988,3.32322471027371,4.033
"606","Trinidad and Tobago",2020,0.598986330824666,-8.90279446006656,4.206
"607","Tunisia",2000,NA,4.7099729138049,14.94
"608","Tunisia",2010,3.33897963601068,2.97113275066512,13.049
"609","Tunisia",2020,5.63415115897626,-9.01193412390238,17.656
"610","Turkiye",2000,54.9153705812683,6.93323970455904,6.495
"611","Turkiye",2010,8.56644420552977,8.42710432276191,11.879
"612","Turkiye",2020,12.2789574462574,1.85987303976462,13.148
"613","Tuvalu",2000,NA,-0.970489205783323,NA
"614","Tuvalu",2010,NA,-2.22222222222223,NA
"615","Tuvalu",2020,NA,-4.27493206901397,NA
"616","Tanzania",2000,NA,4.52078463603256,3.127
"617","Tanzania",2010,NA,6.33652342666889,3.029
"618","Tanzania",2020,3.29029062798325,1.99196460647855,2.781
"619","Uganda",2000,NA,3.141907338187,3.529
"620","Uganda",2010,NA,5.63761163749757,3.619
"621","Uganda",2020,3.31332289544504,2.95130642218098,3.831
"622","Ukraine",2000,NA,5.90000000024899,11.707
"623","Ukraine",2010,9.37293105078978,4.09200436668087,8.1
"624","Ukraine",2020,2.73249209419427,-3.75281793983162,9.475
"625","Uruguay",2000,NA,-1.92993063549235,12.627
"626","Uruguay",2010,6.69870886978133,7.8034096507169,7.158
"627","Uruguay",2020,9.75640636078194,-7.35732706484723,10.413
"628","United States",2000,3.37685727149929,4.07758576006954,3.992
"629","United States",2010,1.6400434423899,2.69519258234851,9.633
"630","United States",2020,1.23358439630629,-2.16302913866512,8.055
"631","Uzbekistan",2000,NA,3.83500000014033,12.317
"632","Uzbekistan",2010,NA,7.5971679610016,5.36
"633","Uzbekistan",2020,12.8677297362607,1.56334277260515,5.293
"634","St. Vincent and the Grenadines",2000,NA,1.63903190394467,20.794
"635","St. Vincent and the Grenadines",2010,0.747109026311472,-4.47046793507802,19.966
"636","St. Vincent and the Grenadines",2020,-0.62813130935467,-4.26892434422649,20.636
"637","Venezuela, RB",2000,NA,3.68694416687683,13.99
"638","Venezuela, RB",2010,NA,-1.48879125078348,7.112
"639","Venezuela, RB",2020,NA,NA,7.53
"640","British Virgin Islands",2000,NA,NA,NA
"641","British Virgin Islands",2010,NA,NA,NA
"642","British Virgin Islands",2020,NA,NA,NA
"643","Virgin Islands (U.S.)",2000,NA,NA,10.546
"644","Virgin Islands (U.S.)",2010,NA,0.596383224317051,11.742
"645","Virgin Islands (U.S.)",2020,NA,-1.61493817814787,15.191
"646","Viet Nam",2000,NA,6.78731640463151,2.26
"647","Viet Nam",2010,9.20746648778415,6.42324482239482,1.114
"648","Viet Nam",2020,3.22093436652516,2.86541320912272,2.103
"649","Vanuatu",2000,2.53768844221106,5.92480905652914,8.283
"650","Vanuatu",2010,2.76269469477348,1.25886720329326,4.685
"651","Vanuatu",2020,5.32935073101714,-4.99249142889525,4.046
"652","Samoa",2000,NA,5.09304469244418,4.734
"653","Samoa",2010,0.777007268777691,6.1247199226125,5.621
"654","Samoa",2020,-1.56891247740897,-3.10844401053139,7.435
"655","Kosovo",2000,NA,NA,NA
"656","Kosovo",2010,3.48050763735844,4.93995095961395,NA
"657","Kosovo",2020,0.198227922994847,-5.34027547826166,NA
"658","Yemen, Rep.",2000,NA,6.1819155928913,11.557
"659","Yemen, Rep.",2010,NA,7.70230704514232,12.779
"660","Yemen, Rep.",2020,NA,NA,17.953
"661","South Africa",2000,5.33895913599827,4.20000000067826,22.714
"662","South Africa",2010,4.06749555950264,3.03973288127956,24.683
"663","South Africa",2020,3.23238831615119,-6.1689177146757,29.217
"664","Zambia",2000,NA,3.89732294341896,12.93
"665","Zambia",2010,NA,10.2982233241213,13.19
"666","Zambia",2020,15.7330604721369,-2.78505506545167,6.033
"667","Zimbabwe",2000,NA,-3.05918974918636,5.684
"668","Zimbabwe",2010,3.02267002518891,19.6754076562536,5.447
"669","Zimbabwe",2020,557.201817362051,-7.81693284075131,8.621
